FECHA (YYMMDD);HORA (HHMM);Registros validados;Registros preliminares;Registros no validados;
040401;0000;;1,05;;
040402;0000;;0,0249999;;
040403;0000;;2,91666;;
040404;0000;;4,425;;
040405;0000;;0,358333;;
040406;0000;;1,65;;
040407;0000;;5,32082;;
040408;0000;;4,04166;;
040409;0000;;5,06249;;
040410;0000;;13,725;;
040411;0000;;1,2625;;
040412;0000;;9,29999;;
040413;0000;;10,4292;;
040414;0000;;18,4291;;
040415;0000;;11,4666;;
040416;0000;;9,35832;;
040417;0000;;3,99583;;
040418;0000;;9,84998;;
040419;0000;;7,06249;;
040420;0000;;5,81666;;
040421;0000;;14,9625;;
040422;0000;;40,2416;;
040423;0000;;52,8791;;
040424;0000;;18,5083;;
040425;0000;;8,11665;;
040426;0000;;3,14166;;
040427;0000;;15,9708;;
040428;0000;;7,28695;;
040429;0000;;;;
040430;0000;;;;
040501;0000;;;;
040502;0000;;;;
040503;0000;;;;
040504;0000;;;;
040505;0000;;;;
040506;0000;;;;
040507;0000;;;;
040508;0000;;;;
040509;0000;;;;
040510;0000;;;;
040511;0000;;;;
040512;0000;;;;
040513;0000;;;;
040514;0000;;;;
040515;0000;;;;
040516;0000;;;;
040517;0000;;;;
040518;0000;;;;
040519;0000;;;;
040520;0000;;;;
040521;0000;;46,8375;;
040522;0000;;;;
040523;0000;;;;
040524;0000;;;;
040525;0000;;12,0083;;
040526;0000;;45,6166;;
040527;0000;;37,9;;
040528;0000;;8,17082;;
040529;0000;;35,5208;;
040530;0000;;34,8583;;
040531;0000;;21,7166;;
040601;0000;;35,3041;;
040602;0000;;28,2041;;
040603;0000;;19,9458;;
040604;0000;;4,55;;
040605;0000;;10,225;;
040606;0000;;15,725;;
040607;0000;;6,5125;;
040608;0000;;7,17272;;
040609;0000;;;;
040610;0000;;33,7;;
040611;0000;;55,3833;;
040612;0000;;11,9292;;
040613;0000;;1,975;;
040614;0000;;10,8708;;
040615;0000;;9,04582;;
040616;0000;;28,0083;;
040617;0000;;9,92915;;
040618;0000;;7,74583;;
040619;0000;;0,495833;;
040620;0000;;0,0333333;;
040621;0000;;0,0583333;;
040622;0000;;2,00416;;
040623;0000;;2,91666;;
040624;0000;;1,39583;;
040625;0000;;11,2625;;
040626;0000;;4,24166;;
040627;0000;;0;;
040628;0000;;0,0125;;
040629;0000;;29,5;;
040630;0000;;2,14583;;
040701;0000;;0;;
040702;0000;;0,125;;
040703;0000;;3,22916;;
040704;0000;;0,0166666;;
040705;0000;;3,0875;;
040706;0000;;0,0555554;;
040707;0000;;21,3091;;
040708;0000;;6,84999;;
040709;0000;;25,4708;;
040710;0000;;25,5833;;
040711;0000;;3,45833;;
040712;0000;;0;;
040713;0000;;1,58333;;
040714;0000;;5,94166;;
040715;0000;;28,1208;;
040716;0000;;53,4416;;
040717;0000;;28,1416;;
040718;0000;;0,858332;;
040719;0000;;15,7792;;
040720;0000;;10,95;;
040721;0000;;0,0333333;;
040722;0000;;1,29167;;
040723;0000;;6,24999;;
040724;0000;;9,79582;;
040725;0000;;0,1125;;
040726;0000;;12,9167;;
040727;0000;;;;
040728;0000;;;;
040729;0000;;;;
040730;0000;;17,3737;;
040731;0000;;17,35;;
040801;0000;;11,5375;;
040802;0000;;10,4292;;
040803;0000;;12,475;;
040804;0000;;11,6792;;
040805;0000;;26,875;;
040806;0000;;44,9083;;
040807;0000;;44,0624;;
040808;0000;;32,7583;;
040809;0000;;;;
040810;0000;;;;
040811;0000;;20,7208;;
040812;0000;;10,9608;;
040813;0000;;1,1375;;
040814;0000;;12,2083;;
040815;0000;;11,7166;;
040816;0000;;11,4125;;
040817;0000;;19,5791;;
040818;0000;;35,0583;;
040819;0000;;29,45;;
040820;0000;;23,0583;;
040821;0000;;11,4375;;
040822;0000;;11,3208;;
040823;0000;;5,58333;;
040824;0000;;8,77083;;
040825;0000;;21,9791;;
040826;0000;;10,3917;;
040827;0000;;5,96956;;
040828;0000;;1,05;;
040829;0000;;1,59583;;
040830;0000;;2,73333;;
040831;0000;;3,8;;
040901;0000;;18,9916;;
040902;0000;;18,625;;
040903;0000;;6,39166;;
040904;0000;;0,133333;;
040905;0000;;0,1125;;
040906;0000;;0,633332;;
040907;0000;;15,2625;;
040908;0000;;18,9291;;
040909;0000;;9,89998;;
040910;0000;;11,113;;
040911;0000;;11,7087;;
040912;0000;;7,99999;;
040913;0000;;5,52608;;
040914;0000;;9,6826;;
040915;0000;;6,83912;;
040916;0000;;19,5217;;
040917;0000;;6,3913;;
040918;0000;;3,77826;;
040919;0000;;6,85651;;
040920;0000;;8,11304;;
040921;0000;;8,96362;;
040922;0000;;10,2478;;
040923;0000;;11,3348;;
040924;0000;;7,44347;;
040925;0000;;10,6304;;
040926;0000;;6,61738;;
040927;0000;;6,86521;;
040928;0000;;6,52173;;
040929;0000;;5,33043;;
040930;0000;;7,36817;;
041001;0000;;2,26521;;
041002;0000;;1,76956;;
041003;0000;;1,00435;;
041004;0000;;2,17826;;
041005;0000;;3,35652;;
041006;0000;;1,63913;;
041007;0000;;5,96956;;
041008;0000;;2,48695;;
041009;0000;;0,75652;;
041010;0000;;0,695651;;
041011;0000;;3,30869;;
041012;0000;;6,51304;;
041013;0000;;8,35651;;
041014;0000;;5,43478;;
041015;0000;;2,00869;;
041016;0000;;3,33181;;
041017;0000;;1,40435;;
041018;0000;;4,13912;;
041019;0000;;2,92173;;
041020;0000;;1,33913;;
041021;0000;;2,2;;
041022;0000;;3,02174;;
041023;0000;;1,08695;;
041024;0000;;0,343478;;
041025;0000;;0,826086;;
041026;0000;;4,61304;;
041027;0000;;11,2869;;
041028;0000;;5,31738;;
041029;0000;;6,03477;;
041030;0000;;6,14347;;
041031;0000;;1,01739;;
041101;0000;;0,843477;;
041102;0000;;3,39999;;
041103;0000;;5,6913;;
041104;0000;;2,76956;;
041105;0000;;5,40434;;
041106;0000;;1,33913;;
041107;0000;;0,173913;;
041108;0000;;2,46521;;
041109;0000;;1,6;;
041110;0000;;1,19565;;
041111;0000;;2,4826;;
041112;0000;;3,34782;;
041113;0000;;1,2913;;
041114;0000;;2,17391;;
041115;0000;;4,33912;;
041116;0000;;2,3;;
041117;0000;;1,74347;;
041118;0000;;1,75652;;
041119;0000;;1,02174;;
041120;0000;;0,852173;;
041121;0000;;0,186956;;
041122;0000;;1,08261;;
041123;0000;;0,456521;;
041124;0000;;2,16818;;
041125;0000;;3,14761;;
041126;0000;;2,40869;;
041127;0000;;2,58695;;
041128;0000;;2,62608;;
041129;0000;;3,4;;
041130;0000;;7,88695;;
041201;0000;;5,27825;;
041202;0000;;5,06087;;
041203;0000;;3,54782;;
041204;0000;;7,43478;;
041205;0000;;;;
041206;0000;;;;
041207;0000;;3,7913;;
041208;0000;;2,47391;;
041209;0000;;4,97826;;
041210;0000;;1,95652;;
041211;0000;;3,22173;;
041212;0000;;3,46521;;
041213;0000;;2,41304;;
041214;0000;;3,86956;;
041215;0000;;5,26086;;
041216;0000;;7,69999;;
041217;0000;;4,50869;;
041218;0000;;3,53043;;
041219;0000;;8,06085;;
041220;0000;;3,83043;;
041221;0000;;4,63043;;
041222;0000;;8,33911;;
041223;0000;;4,58695;;
041224;0000;;3,23913;;
041225;0000;;1,46087;;
041226;0000;;1,66956;;
041227;0000;;3,02174;;
041228;0000;;4,65651;;
041229;0000;;6,77825;;
041230;0000;;7,76955;;
041231;0000;;9,96954;;
050101;0000;;1,34782;;
050102;0000;;1,41304;;
050103;0000;;2,67391;;
050104;0000;;2,52608;;
050105;0000;;4,11304;;
050106;0000;;6,76521;;
050107;0000;;3,86086;;
050108;0000;;6,85217;;
050109;0000;;2,55217;;
050110;0000;;3,03913;;
050111;0000;;5,14347;;
050112;0000;;3,83478;;
050113;0000;;2,45217;;
050114;0000;;0,994443;;
050115;0000;;1,97778;;
050116;0000;;1,16818;;
050117;0000;;1,55238;;
050118;0000;;2,18261;;
050119;0000;;2,27826;;
050120;0000;;1,88636;;
050121;0000;;;7,0826;
050122;0000;;4,65217;;
050123;0000;;4,43809;;
050124;0000;;;8,08694;
050125;0000;;2,03913;;
050126;0000;;2,79545;;
050127;0000;;1,62174;;
050128;0000;;5,93912;;
050129;0000;;2,02272;;
050130;0000;;3,43913;;
050131;0000;;3,88695;;
050201;0000;;2,85652;;
050202;0000;;3,93913;;
050203;0000;;2,2913;;
050204;0000;;2,41818;;
050205;0000;;2,72174;;
050206;0000;;2,25652;;
050207;0000;;2,36522;;
050208;0000;;4,21304;;
050209;0000;;8,95216;;
050210;0000;;14,1095;;
050211;0000;;3,53478;;
050212;0000;;4,00869;;
050213;0000;;3,26086;;
050214;0000;;8,2652;;
050215;0000;;3,05217;;
050216;0000;;3,01304;;
050217;0000;;2,86522;;
050218;0000;;2,6;;
050219;0000;;2,10434;;
050220;0000;;2,04348;;
050221;0000;;3,40869;;
050222;0000;;3,60434;;
050223;0000;;3,74782;;
050224;0000;;4,40434;;
050225;0000;;4,57825;;
050226;0000;;3,14347;;
050227;0000;;2,9826;;
050228;0000;;8,54347;;
050301;0000;;5,96086;;
050302;0000;;9,09129;;
050303;0000;;5,74347;;
050304;0000;;3,01739;;
050305;0000;;6,10869;;
050306;0000;;3,80434;;
050307;0000;;6,9826;;
050308;0000;;6,75652;;
050309;0000;;6,61304;;
050310;0000;;5,15652;;
050311;0000;;6,55217;;
050312;0000;;7,04545;;
050313;0000;;7,06956;;
050314;0000;;5,8739;;
050315;0000;;3,0826;;
050316;0000;;13,7522;;
050317;0000;;10,1087;;
050318;0000;;9,60869;;
050319;0000;;5,89565;;
050320;0000;;2,46521;;
050321;0000;;5,89565;;
050322;0000;;8,24782;;
050323;0000;;2,37619;;
050324;0000;;;6,62173;
050325;0000;;0,61739;;
050326;0000;;2,45652;;
050327;0000;;3,17826;;
050328;0000;;2,18695;;
050329;0000;;4,89999;;
050330;0000;;10,6956;;
050331;0000;;10,0478;;
050401;0000;;3,70435;;
050402;0000;;6,60869;;
050403;0000;;3,25652;;
050404;0000;;8,73477;;
050405;0000;;10,6348;;
050406;0000;;4,60869;;
050407;0000;;14,2043;;
050408;0000;;21,6043;;
050409;0000;;7,43043;;
050410;0000;;4,51303;;
050411;0000;;13,0609;;
050412;0000;;20,1789;;
050413;0000;;12,6954;;
050414;0000;;6,73477;;
050415;0000;;12,8435;;
050416;0000;;2,7913;;
050417;0000;;4,60869;;
050418;0000;;3,34347;;
050419;0000;;11,3826;;
050420;0000;;13,8913;;
050421;0000;;26,4652;;
050422;0000;;17,0304;;
050423;0000;;3,43043;;
050424;0000;;17,3434;;
050425;0000;;19,9695;;
050426;0000;;19,8521;;
050427;0000;;8,32173;;
050428;0000;;19,2956;;
050429;0000;;23,7913;;
050430;0000;;8,71303;;
050501;0000;;1,84782;;
050502;0000;;14,5956;;
050503;0000;;1,16522;;
050504;0000;;7,40434;;
050505;0000;;14,9333;;
050506;0000;;26,9521;;
050507;0000;;13,5609;;
050508;0000;;2,47826;;
050509;0000;;1,16522;;
050510;0000;;2,87826;;
050511;0000;;2,5;;
050512;0000;;20,8913;;
050513;0000;;8,74782;;
050514;0000;;23,8956;;
050515;0000;;1,76087;;
050516;0000;;0,0347825;;
050517;0000;;3,10434;;
050518;0000;;4,25652;;
050519;0000;;8,23042;;
050520;0000;;15,4217;;
050521;0000;;10,9522;;
050522;0000;;0,331818;;
050523;0000;;;;
050524;0000;;;;
050525;0000;;9,61739;;
050526;0000;;3,42173;;
050527;0000;;0,352173;;
050528;0000;;;;
050529;0000;;;;
050530;0000;;;;
050531;0000;;8,68181;;
050601;0000;;6,49564;;
050602;0000;;6,54781;;
050603;0000;;2,5;;
050604;0000;;2,42608;;
050605;0000;;8,47391;;
050606;0000;;4,07825;;
050607;0000;;13,8363;;
050608;0000;;8,7818;;
050609;0000;;;3,08333;
050610;0000;;2,62173;;
050611;0000;;0,682608;;
050612;0000;;14,6609;;
050613;0000;;12,2695;;
050614;0000;;17,6389;;
050615;0000;;38,3789;;
050616;0000;;22,3217;;
050617;0000;;13,495;;
050618;0000;;;11;
050619;0000;;22,6652;;
050620;0000;;23,6174;;
050621;0000;;8,6913;;
050622;0000;;30,2478;;
050623;0000;;7,6409;;
050624;0000;;3,94347;;
050625;0000;;2,81739;;
050626;0000;;0,669564;;
050627;0000;;1,59565;;
050628;0000;;9,81738;;
050629;0000;;23,3695;;
050630;0000;;0,213043;;
050701;0000;;0,686955;;
050702;0000;;0,51739;;
050703;0000;;1,79565;;
050704;0000;;7,1739;;
050705;0000;;20,9174;;
050706;0000;;;12,6;
050707;0000;;;12,3208;
050708;0000;;27,3;;
050709;0000;;31,2478;;
050710;0000;;33,2869;;
050711;0000;;30,0217;;
050712;0000;;3,76956;;
050713;0000;;20,313;;
050714;0000;;31,3391;;
050715;0000;;15,6913;;
050716;0000;;9,10434;;
050717;0000;;14,813;;
050718;0000;;45,7869;;
050719;0000;;25,3043;;
050720;0000;;8,79564;;
050721;0000;;12,1348;;
050722;0000;;22,1391;;
050723;0000;;20,5174;;
050724;0000;;38,5782;;
050725;0000;;61,8043;;
050726;0000;;21,6565;;
050727;0000;;14,1696;;
050728;0000;;11,3609;;
050729;0000;;3,85652;;
050730;0000;;3,23913;;
050731;0000;;4,30434;;
050801;0000;;2,20435;;
050802;0000;;6,84544;;
050803;0000;;2,55;;
050804;0000;;10,0522;;
050805;0000;;6,67825;;
050806;0000;;7,0826;;
050807;0000;;22,7782;;
050808;0000;;23,9043;;
050809;0000;;25,8087;;
050810;0000;;37,6434;;
050811;0000;;8,7739;;
050812;0000;;5,03477;;
050813;0000;;6,25217;;
050814;0000;;20,9304;;
050815;0000;;5,82608;;
050816;0000;;1,14782;;
050817;0000;;17,7348;;
050818;0000;;31,1391;;
050819;0000;;26,0285;;
050820;0000;;1,17826;;
050821;0000;;3,34348;;
050822;0000;;6,39565;;
050823;0000;;24,1652;;
050824;0000;;20,313;;
050825;0000;;7,2739;;
050826;0000;;4,16956;;
050827;0000;;4,44347;;
050828;0000;;6,6739;;
050829;0000;;9,98694;;
050830;0000;;19,9348;;
050831;0000;;15,4956;;
050901;0000;;7,99564;;
050902;0000;;5,66521;;
050903;0000;;3,96956;;
050904;0000;;2,82174;;
050905;0000;;2,34348;;
050906;0000;;1,34782;;
050907;0000;;1,3913;;
050908;0000;;2,84782;;
050909;0000;;2,42608;;
050910;0000;;2,27391;;
050911;0000;;10,8391;;
050912;0000;;2,16956;;
050913;0000;;7,76666;;
050914;0000;;;10,4125;
050915;0000;;6,63683;;
050916;0000;;;7,24999;
050917;0000;;;5,72499;
050918;0000;;2,28421;;
050919;0000;;3,07083;;
050920;0000;;2,94583;;
050921;0000;;4,18749;;
050922;0000;;6,77499;;
050923;0000;;3,43333;;
050924;0000;;6,87083;;
050925;0000;;2,99583;;
050926;0000;;1,09048;;
050927;0000;;0,570832;;
050928;0000;;1,28333;;
050929;0000;;7,86666;;
050930;0000;;7,37499;;
051001;0000;;6,04166;;
051002;0000;;0,325;;
051003;0000;;1,7;;
051004;0000;;3,0826;;
051005;0000;;1,40833;;
051006;0000;;1,3375;;
051007;0000;;1,6;;
051008;0000;;2,63913;;
051009;0000;;0,487499;;
051010;0000;;0,241667;;
051011;0000;;0,195833;;
051012;0000;;2,31667;;
051013;0000;;4,48333;;
051014;0000;;3,09166;;
051015;0000;;0,949999;;
051016;0000;;1,975;;
051017;0000;;4,59583;;
051018;0000;;1,97916;;
051019;0000;;2,76086;;
051020;0000;;2,925;;
051021;0000;;0,991303;;
051022;0000;;3,90833;;
051023;0000;;1,67916;;
051024;0000;;1,9875;;
051025;0000;;1,77083;;
051026;0000;;7,60832;;
051027;0000;;6,95415;;
051028;0000;;3,37916;;
051029;0000;;1,85833;;
051030;0000;;0,5;;
051031;0000;;1,17916;;
051101;0000;;2,67083;;
051102;0000;;3,0875;;
051103;0000;;4,10832;;
051104;0000;;8,34583;;
051105;0000;;3,02608;;
051106;0000;;4,53333;;
051107;0000;;3,16666;;
051108;0000;;4,08749;;
051109;0000;;1,075;;
051110;0000;;0,616666;;
051111;0000;;3,525;;
051112;0000;;3,55;;
051113;0000;;3,78333;;
051114;0000;;6,79999;;
051115;0000;;7,36666;;
051116;0000;;5,56249;;
051117;0000;;3,86666;;
051118;0000;;4,84583;;
051119;0000;;4,45416;;
051120;0000;;6,04582;;
051121;0000;;2,99166;;
051122;0000;;3,48333;;
051123;0000;;2,95833;;
051124;0000;;2,65833;;
051125;0000;;4,94999;;
051126;0000;;3,64166;;
051127;0000;;3,1125;;
051128;0000;;6,20833;;
051129;0000;;4,45833;;
051130;0000;;4,37916;;
051201;0000;;3,47083;;
051202;0000;;2,18095;;
051203;0000;;0,908332;;
051204;0000;;0,733333;;
051205;0000;;3,46249;;
051206;0000;;6,22916;;
051207;0000;;3,15833;;
051208;0000;;4,13332;;
051209;0000;;4,61666;;
051210;0000;;0,495832;;
051211;0000;;0,337499;;
051212;0000;;1,0875;;
051213;0000;;1,65;;
051214;0000;;1,92916;;
051215;0000;;2,1619;;
051216;0000;;1,24166;;
051217;0000;;2,09166;;
051218;0000;;1,62083;;
051219;0000;;2,2625;;
051220;0000;;1,57083;;
051221;0000;;2,29166;;
051222;0000;;1,05416;;
051223;0000;;2,2375;;
051224;0000;;1,4375;;
051225;0000;;4,00416;;
051226;0000;;2,9875;;
051227;0000;;2,6125;;
051228;0000;;2,50833;;
051229;0000;;1,69167;;
051230;0000;;1,4;;
051231;0000;;1,48333;;
060101;0000;;0,4625;;
060102;0000;;3,02916;;
060103;0000;;4,86842;;
060104;0000;;5,57916;;
060105;0000;;2,88333;;
060106;0000;;4,03749;;
060107;0000;;6,62083;;
060108;0000;;5,12916;;
060109;0000;;4,25416;;
060110;0000;;7,28749;;
060111;0000;;8,87498;;
060112;0000;;7,52499;;
060113;0000;;5,12916;;
060114;0000;;3,84583;;
060115;0000;;2,30833;;
060116;0000;;4,99583;;
060117;0000;;5,32082;;
060118;0000;;2,09583;;
060119;0000;;5,03333;;
060120;0000;;5,23478;;
060121;0000;;7,49166;;
060122;0000;;3,22916;;
060123;0000;;2,67916;;
060124;0000;;3,68333;;
060125;0000;;4,18749;;
060126;0000;;3,125;;
060127;0000;;3,32083;;
060128;0000;;4,22083;;
060129;0000;;1,55;;
060130;0000;;2,52083;;
060131;0000;;2,81667;;
060201;0000;;1,45416;;
060202;0000;;1,19167;;
060203;0000;;8,21666;;
060204;0000;;2,3125;;
060205;0000;;1,81667;;
060206;0000;;2,18333;;
060207;0000;;3,87826;;
060208;0000;;5,00416;;
060209;0000;;2,4375;;
060210;0000;;1,775;;
060211;0000;;;13,075;
060212;0000;;;13,3916;
060213;0000;;6,27894;;
060214;0000;;2,4125;;
060215;0000;;1,09167;;
060216;0000;;1,04583;;
060217;0000;;9,07915;;
060218;0000;;6,19583;;
060219;0000;;4,19166;;
060220;0000;;2,16666;;
060221;0000;;6,66666;;
060222;0000;;2,55217;;
060223;0000;;3,47916;;
060224;0000;;2,67916;;
060225;0000;;0,979165;;
060226;0000;;1,725;;
060227;0000;;5,64166;;
060228;0000;;2,575;;
060301;0000;;2,3125;;
060302;0000;;2,56667;;
060303;0000;;2,10416;;
060304;0000;;7,07082;;
060305;0000;;5,10416;;
060306;0000;;3,35833;;
060307;0000;;6,90434;;
060308;0000;;2,8375;;
060309;0000;;7,2739;;
060310;0000;;9,93332;;
060311;0000;;9,80869;;
060312;0000;;10,0375;;
060313;0000;;3,47916;;
060314;0000;;6,20416;;
060315;0000;;8,18332;;
060316;0000;;8,15833;;
060317;0000;;11,5833;;
060318;0000;;15,8375;;
060319;0000;;3,40416;;
060320;0000;;4,31666;;
060321;0000;;3,02916;;
060322;0000;;9,82915;;
060323;0000;;7,33749;;
060324;0000;;16,4875;;
060325;0000;;12,8625;;
060326;0000;;4,71249;;
060327;0000;;6,24166;;
060328;0000;;4,74583;;
060329;0000;;9,89583;;
060330;0000;;9,62726;;
060331;0000;;4,73333;;
060401;0000;;5,36666;;
060402;0000;;3,7375;;
060403;0000;;10,3667;;
060404;0000;;11,275;;
060405;0000;;14,2625;;
060406;0000;;10,0667;;
060407;0000;;15,425;;
060408;0000;;8,75415;;
060409;0000;;1,14583;;
060410;0000;;2,05;;
060411;0000;;5,62916;;
060412;0000;;3,64166;;
060413;0000;;6,16521;;
060414;0000;;3,87083;;
060415;0000;;6,95416;;
060416;0000;;11,8042;;
060417;0000;;24,825;;
060418;0000;;2,28333;;
060419;0000;;0,0434782;;
060420;0000;;13,55;;
060421;0000;;9,94998;;
060422;0000;;;0;
060423;0000;;;0;
060424;0000;;;;
060425;0000;;;;
060426;0000;;12,8833;;
060427;0000;;19,8416;;
060428;0000;;6,25416;;
060429;0000;;13,1625;;
060430;0000;;16,2416;;
060501;0000;;21,6458;;
060502;0000;;21,7666;;
060503;0000;;3,3;;
060504;0000;;4,1125;;
060505;0000;;19,6416;;
060506;0000;;26,8041;;
060507;0000;;25,0916;;
060508;0000;;18,5833;;
060509;0000;;4,14285;;
060510;0000;;15,4333;;
060511;0000;;31,8958;;
060512;0000;;19,9;;
060513;0000;;9,12082;;
060514;0000;;2,7375;;
060515;0000;;4,95833;;
060516;0000;;3,675;;
060517;0000;;5,45416;;
060518;0000;;;14,4625;
060519;0000;;;32,7083;
060520;0000;;33,9681;;
060521;0000;;;30,1083;
060522;0000;;44,1041;;
060523;0000;;16,919;;
060524;0000;;3,44583;;
060525;0000;;4,03333;;
060526;0000;;16,0541;;
060527;0000;;41,5791;;
060528;0000;;14,5042;;
060529;0000;;35,2333;;
060530;0000;;14,6292;;
060531;0000;;3,5125;;
060601;0000;;12,7958;;
060602;0000;;30,9291;;
060603;0000;;14,2458;;
060604;0000;;5,06249;;
060605;0000;;5,67083;;
060606;0000;;3,82916;;
060607;0000;;3,14166;;
060608;0000;;19,1208;;
060609;0000;;58,1583;;
060610;0000;;28,4166;;
060611;0000;;2,12916;;
060612;0000;;4,79166;;
060613;0000;;23,6416;;
060614;0000;;26,1261;;
060615;0000;;9,96666;;
060616;0000;;7,01666;;
060617;0000;;2,38333;;
060618;0000;;1,14583;;
060619;0000;;1,22917;;
060620;0000;;2,47916;;
060621;0000;;19,0166;;
060622;0000;;15,7292;;
060623;0000;;6,72499;;
060624;0000;;4,075;;
060625;0000;;9,62082;;
060626;0000;;5,23333;;
060627;0000;;25,7583;;
060628;0000;;17,6042;;
060629;0000;;12,8833;;
060630;0000;;8,01738;;
060701;0000;;1,7875;;
060702;0000;;13,625;;
060703;0000;;27,9695;;
060704;0000;;33,4291;;
060705;0000;;14,2708;;
060706;0000;;2,96666;;
060707;0000;;1,0375;;
060708;0000;;7,45833;;
060709;0000;;1,4125;;
060710;0000;;2,06667;;
060711;0000;;1,64348;;
060712;0000;;2,57083;;
060713;0000;;16,6083;;
060714;0000;;27,5916;;
060715;0000;;12,5333;;
060716;0000;;4,8875;;
060717;0000;;6,80833;;
060718;0000;;19,1917;;
060719;0000;;;10,7708;
060720;0000;;;4,36665;
060721;0000;;0,129166;;
060722;0000;;6,17916;;
060723;0000;;0,104167;;
060724;0000;;0,120833;;
060725;0000;;4,06249;;
060726;0000;;6,75416;;
060727;0000;;8,39583;;
060728;0000;;29,4291;;
060729;0000;;43,9249;;
060730;0000;;29,3416;;
060731;0000;;46,0636;;
060801;0000;;18,1292;;
060802;0000;;5,41666;;
060803;0000;;6,97083;;
060804;0000;;12,4;;
060805;0000;;15,9792;;
060806;0000;;0,216666;;
060807;0000;;0,766666;;
060808;0000;;0,441666;;
060809;0000;;4,05;;
060810;0000;;0,541666;;
060811;0000;;0,791666;;
060812;0000;;7,43333;;
060813;0000;;0,629166;;
060814;0000;;9,41249;;
060815;0000;;12,5125;;
060816;0000;;13,7292;;
060817;0000;;13,9217;;
060818;0000;;14,6042;;
060819;0000;;17,075;;
060820;0000;;3,34166;;
060821;0000;;7,20416;;
060822;0000;;5,45833;;
060823;0000;;15,8042;;
060824;0000;;19,6;;
060825;0000;;3,82083;;
060826;0000;;3,4;;
060827;0000;;1,47916;;
060828;0000;;5,44166;;
060829;0000;;3,95833;;
060830;0000;;0,956521;;
060831;0000;;2,68333;;
060901;0000;;9,08333;;
060902;0000;;15,9458;;
060903;0000;;4,52499;;
060904;0000;;25,225;;
060905;0000;;24,1541;;
060906;0000;;6,58749;;
060907;0000;;6,68333;;
060908;0000;;5,24583;;
060909;0000;;1,625;;
060910;0000;;1,75833;;
060911;0000;;3,3375;;
060912;0000;;5,66249;;
060913;0000;;3,09999;;
060914;0000;;5,91249;;
060915;0000;;7,83333;;
060916;0000;;2,62916;;
060917;0000;;4,48333;;
060918;0000;;2,69166;;
060919;0000;;3,74166;;
060920;0000;;2,86666;;
060921;0000;;1,74166;;
060922;0000;;3,26666;;
060923;0000;;8,25415;;
060924;0000;;12,5292;;
060925;0000;;8,93332;;
060926;0000;;2,80416;;
060927;0000;;6,82082;;
060928;0000;;4,04166;;
060929;0000;;1,8;;
060930;0000;;6,85217;;
061001;0000;;3,8125;;
061002;0000;;13,0166;;
061003;0000;;10,95;;
061004;0000;;6,94999;;
061005;0000;;6,03749;;
061006;0000;;5,97499;;
061007;0000;;4,71666;;
061008;0000;;2,34583;;
061009;0000;;8,65416;;
061010;0000;;1,54166;;
061011;0000;;3,97916;;
061012;0000;;3,22631;;
061013;0000;;3,16666;;
061014;0000;;2,54583;;
061015;0000;;3,75833;;
061016;0000;;3,33333;;
061017;0000;;4,8625;;
061018;0000;;3,74166;;
061019;0000;;7,80416;;
061020;0000;;4,59166;;
061021;0000;;4,88499;;
061022;0000;;3,83749;;
061023;0000;;4,27083;;
061024;0000;;2,99166;;
061025;0000;;5,78333;;
061026;0000;;6,38332;;
061027;0000;;2,46666;;
061028;0000;;3,72083;;
061029;0000;;3,175;;
061030;0000;;5,22499;;
061031;0000;;8,39473;;
061101;0000;;3,00417;;
061102;0000;;3,2125;;
061103;0000;;3,84583;;
061104;0000;;3;;
061105;0000;;1,56667;;
061106;0000;;3,53333;;
061107;0000;;2,85833;;
061108;0000;;2,77083;;
061109;0000;;2,25;;
061110;0000;;6,46666;;
061111;0000;;1,5875;;
061112;0000;;3,69166;;
061113;0000;;8,12915;;
061114;0000;;1,725;;
061115;0000;;2,4875;;
061116;0000;;5,95833;;
061117;0000;;3,48182;;
061118;0000;;4,55416;;
061119;0000;;3,2375;;
061120;0000;;3,85833;;
061121;0000;;5,74583;;
061122;0000;;4,16249;;
061123;0000;;4,38332;;
061124;0000;;4,5125;;
061125;0000;;4,36666;;
061126;0000;;3,24583;;
061127;0000;;4,09583;;
061128;0000;;3,85833;;
061129;0000;;3,63333;;
061130;0000;;3,75416;;
061201;0000;;1,85454;;
061202;0000;;4,075;;
061203;0000;;1,025;;
061204;0000;;1,175;;
061205;0000;;1,09167;;
061206;0000;;1,36666;;
061207;0000;;1,5625;;
061208;0000;;1,59167;;
061209;0000;;0,741666;;
061210;0000;;0,3125;;
061211;0000;;1,10833;;
061212;0000;;3,69583;;
061213;0000;;4,31666;;
061214;0000;;5,22173;;
061215;0000;;3,9875;;
061216;0000;;0,9;;
061217;0000;;2,575;;
061218;0000;;0,920833;;
061219;0000;;3,90833;;
061220;0000;;5,80416;;
061221;0000;;1,9625;;
061222;0000;;2,4;;
061223;0000;;1,80416;;
061224;0000;;1,57083;;
061225;0000;;2,68333;;
061226;0000;;1,52917;;
061227;0000;;3,69166;;
061228;0000;;4,37916;;
061229;0000;;5,52499;;
061230;0000;;1,86666;;
061231;0000;;1,35;;
070101;0000;;0,874999;;
070102;0000;;1,5375;;
070103;0000;;1,5619;;
070104;0000;;;7,95832;
070105;0000;;1,47391;;
070106;0000;;1,05833;;
070107;0000;;1,64583;;
070108;0000;;0,874999;;
070109;0000;;1,25417;;
070110;0000;;0,749999;;
070111;0000;;0,904165;;
070112;0000;;1,67083;;
070113;0000;;0,979166;;
070114;0000;;0,866666;;
070115;0000;;1,25417;;
070116;0000;;1,5625;;
070117;0000;;1,50909;;
070118;0000;;2,04166;;
070119;0000;;2,93333;;
070120;0000;;2,03333;;
070121;0000;;1,27917;;
070122;0000;;1,56667;;
070123;0000;;4,64583;;
070124;0000;;2,49565;;
070125;0000;;1,9625;;
070126;0000;;1,96667;;
070127;0000;;4,03749;;
070128;0000;;1,09167;;
070129;0000;;2,00416;;
070130;0000;;1,925;;
070131;0000;;2,53333;;
070201;0000;;4,24999;;
070202;0000;;0,618181;;
070203;0000;;0,974998;;
070204;0000;;0,574999;;
070205;0000;;1,475;;
070206;0000;;1,79583;;
070207;0000;;3,75;;
070208;0000;;1,87083;;
070209;0000;;1,55416;;
070210;0000;;7,2913;;
070211;0000;;3,57083;;
070212;0000;;0,995832;;
070213;0000;;1,62916;;
070214;0000;;4,62083;;
070215;0000;;1,39;;
070216;0000;;9,23477;;
070217;0000;;3,73333;;
070218;0000;;0,3125;;
070219;0000;;4,31249;;
070220;0000;;1,67916;;
070221;0000;;0,633332;;
070222;0000;;3,55833;;
070223;0000;;7,15416;;
070224;0000;;7,45833;;
070225;0000;;0,145833;;
070226;0000;;0,733333;;
070227;0000;;1,87917;;
070228;0000;;2,09166;;
070301;0000;;1,875;;
070302;0000;;3,70454;;
070303;0000;;1,21667;;
070304;0000;;0,599999;;
070305;0000;;5,34348;;
070306;0000;;1,76666;;
070307;0000;;2,2875;;
070308;0000;;5,63749;;
070309;0000;;11,6958;;
070310;0000;;5,60833;;
070311;0000;;2,925;;
070312;0000;;3,50416;;
070313;0000;;2,81667;;
070314;0000;;10,0542;;
070315;0000;;7,09583;;
070316;0000;;2,88695;;
070317;0000;;2,01666;;
070318;0000;;1,25833;;
070319;0000;;2,2875;;
070320;0000;;3,41666;;
070321;0000;;2,8;;
070322;0000;;1,87391;;
070323;0000;;4,53749;;
070324;0000;;2,525;;
070325;0000;;1,03043;;
070326;0000;;2,02083;;
070327;0000;;6,1375;;
070328;0000;;14,0833;;
070329;0000;;3,04583;;
070330;0000;;3,20416;;
070331;0000;;20,325;;
070401;0000;;7,72726;;
070402;0000;;6,72499;;
070403;0000;;3,275;;
070404;0000;;5,47499;;
070405;0000;;2,0625;;
070406;0000;;2,05833;;
070407;0000;;1,8375;;
070408;0000;;1,38333;;
070409;0000;;5,34999;;
070410;0000;;7,34999;;
070411;0000;;2,525;;
070412;0000;;14,3208;;
070413;0000;;5,29166;;
070414;0000;;11,5739;;
070415;0000;;7,18332;;
070416;0000;;2,81304;;
070417;0000;;7,74166;;
070418;0000;;4,14166;;
070419;0000;;19,1375;;
070420;0000;;12,7375;;
070421;0000;;2,6375;;
070422;0000;;5,08333;;
070423;0000;;16,6666;;
070424;0000;;6,00416;;
070425;0000;;14,8583;;
070426;0000;;8,94165;;
070427;0000;;37,2916;;
070428;0000;;13,1125;;
070429;0000;;1,14583;;
070430;0000;;1,20833;;
070501;0000;;0,787499;;
070502;0000;;8,19998;;
070503;0000;;12,6292;;
070504;0000;;3,42727;;
070505;0000;;14,4791;;
070506;0000;;10,8042;;
070507;0000;;10,1292;;
070508;0000;;8,81665;;
070509;0000;;5,74583;;
070510;0000;;10,8542;;
070511;0000;;17,0625;;
070512;0000;;33,1791;;
070513;0000;;12,3958;;
070514;0000;;16,925;;
070515;0000;;13,2125;;
070516;0000;;19,7958;;
070517;0000;;12,7875;;
070518;0000;;4,02916;;
070519;0000;;2,92608;;
070520;0000;;0,854166;;
070521;0000;;1,775;;
070522;0000;;13,6292;;
070523;0000;;22,7833;;
070524;0000;;23,8041;;
070525;0000;;21,9541;;
070526;0000;;33,4;;
070527;0000;;19,525;;
070528;0000;;49,7458;;
070529;0000;;10,8083;;
070530;0000;;3,49583;;
070531;0000;;0,879166;;
070601;0000;;5,42173;;
070602;0000;;19,5166;;
070603;0000;;14,9625;;
070604;0000;;6,40416;;
070605;0000;;3,83749;;
070606;0000;;8,50832;;
070607;0000;;2,025;;
070608;0000;;4,06666;;
070609;0000;;2,38333;;
070610;0000;;2,83749;;
070611;0000;;0,629166;;
070612;0000;;6,62916;;
070613;0000;;5,12499;;
070614;0000;;16,9833;;
070615;0000;;36,859;;
070616;0000;;16,7958;;
070617;0000;;6,28333;;
070618;0000;;20,4916;;
070619;0000;;4,83333;;
070620;0000;;0,441666;;
070621;0000;;0,316666;;
070622;0000;;0,716665;;
070623;0000;;4,95416;;
070624;0000;;4,72083;;
070625;0000;;32,1083;;
070626;0000;;11,7727;;
070627;0000;;19,6166;;
070628;0000;;51,4666;;
070629;0000;;78,0582;;
070630;0000;;8,12082;;
070701;0000;;0,991665;;
070702;0000;;4,55;;
070703;0000;;11,8583;;
070704;0000;;3,22499;;
070705;0000;;2,9625;;
070706;0000;;14,0417;;
070707;0000;;8,58333;;
070708;0000;;3,65833;;
070709;0000;;23,7583;;
070710;0000;;21,825;;
070711;0000;;39,5652;;
070712;0000;;2,47499;;
070713;0000;;2,22916;;
070714;0000;;4,35832;;
070715;0000;;10,0875;;
070716;0000;;5,99166;;
070717;0000;;1,11666;;
070718;0000;;7,91666;;
070719;0000;;0,558332;;
070720;0000;;1,67916;;
070721;0000;;2,525;;
070722;0000;;0,520832;;
070723;0000;;2,59583;;
070724;0000;;5,94999;;
070725;0000;;2,21304;;
070726;0000;;3,42916;;
070727;0000;;10,3125;;
070728;0000;;12,05;;
070729;0000;;16,1875;;
070730;0000;;3,59999;;
070731;0000;;11,5542;;
070801;0000;;10,8458;;
070802;0000;;1,59524;;
070803;0000;;28,5583;;
070804;0000;;10,4208;;
070805;0000;;4,18947;;
070806;0000;;4,89166;;
070807;0000;;7,02499;;
070808;0000;;19,225;;
070809;0000;;33,7458;;
070810;0000;;26,1583;;
070811;0000;;21,575;;
070812;0000;;0,474999;;
070813;0000;;8,25832;;
070814;0000;;3,6125;;
070815;0000;;2,2125;;
070816;0000;;23,1958;;
070817;0000;;21,9409;;
070818;0000;;30,0083;;
070819;0000;;10,9583;;
070820;0000;;26,4208;;
070821;0000;;3,98333;;
070822;0000;;8,62498;;
070823;0000;;6,44582;;
070824;0000;;12,875;;
070825;0000;;12,525;;
070826;0000;;3,55416;;
070827;0000;;2,6;;
070828;0000;;11,2875;;
070829;0000;;3,29166;;
070830;0000;;1,76521;;
070831;0000;;4,97083;;
070901;0000;;2,7;;
070902;0000;;1,2;;
070903;0000;;1,28333;;
070904;0000;;1,17916;;
070905;0000;;2,79166;;
070906;0000;;15,7;;
070907;0000;;17,0416;;
070908;0000;;2,20833;;
070909;0000;;2,62083;;
070910;0000;;3,46666;;
070911;0000;;2,9;;
070912;0000;;9,06248;;
070913;0000;;5,50416;;
070914;0000;;10,3182;;
070915;0000;;16,85;;
070916;0000;;3,97916;;
070917;0000;;5,20416;;
070918;0000;;3,4875;;
070919;0000;;6,22916;;
070920;0000;;1,90833;;
070921;0000;;4,825;;
070922;0000;;5,93333;;
070923;0000;;6,97083;;
070924;0000;;4,13749;;
070925;0000;;6,60833;;
070926;0000;;2,075;;
070927;0000;;2,20435;;
070928;0000;;2,31666;;
070929;0000;;5,14166;;
070930;0000;;1,46667;;
071001;0000;;2,59999;;
071002;0000;;4,84166;;
071003;0000;;3,20833;;
071004;0000;;2,95416;;
071005;0000;;3,60833;;
071006;0000;;8,17082;;
071007;0000;;2,92083;;
071008;0000;;4,09166;;
071009;0000;;3,0125;;
071010;0000;;2,17916;;
071011;0000;;3,4375;;
071012;0000;;1,97916;;
071013;0000;;2,1625;;
071014;0000;;1,34583;;
071015;0000;;1,28333;;
071016;0000;;1,81666;;
071017;0000;;1,9;;
071018;0000;;6,14583;;
071019;0000;;2,70869;;
071020;0000;;1,6875;;
071021;0000;;1,5;;
071022;0000;;2,46956;;
071023;0000;;12,1375;;
071024;0000;;3,90416;;
071025;0000;;1,43043;;
071026;0000;;3,62916;;
071027;0000;;10,1458;;
071028;0000;;1,175;;
071029;0000;;5,23333;;
071030;0000;;6,20833;;
071031;0000;;2,10833;;
071101;0000;;1,07083;;
071102;0000;;1,05652;;
071103;0000;;0,841665;;
071104;0000;;0,795833;;
071105;0000;;1,2375;;
071106;0000;;2,33333;;
071107;0000;;1,70416;;
071108;0000;;1,57916;;
071109;0000;;2,3;;
071110;0000;;1,47778;;
071111;0000;;;0;
071112;0000;;;5,28749;
071113;0000;;1,62917;;
071114;0000;;1,65417;;
071115;0000;;5,28181;;
071116;0000;;1,70833;;
071117;0000;;1,24166;;
071118;0000;;1,11666;;
071119;0000;;1,53333;;
071120;0000;;1,4375;;
071121;0000;;1,51666;;
071122;0000;;1,48333;;
071123;0000;;1,8125;;
071124;0000;;0,883332;;
071125;0000;;0,666666;;
071126;0000;;1,17083;;
071127;0000;;1,45416;;
071128;0000;;1,55416;;
071129;0000;;4,17083;;
071130;0000;;3,50434;;
071201;0000;;3,33333;;
071202;0000;;1,02917;;
071203;0000;;1,72083;;
071204;0000;;1,62083;;
071205;0000;;1,50417;;
071206;0000;;3,67916;;
071207;0000;;1,91666;;
071208;0000;;1,10833;;
071209;0000;;1,65417;;
071210;0000;;5,59999;;
071211;0000;;1,87916;;
071212;0000;;1,4125;;
071213;0000;;1,55416;;
071214;0000;;4,2826;;
071215;0000;;1,2;;
071216;0000;;0,891665;;
071217;0000;;1,05;;
071218;0000;;1,25833;;
071219;0000;;1,42083;;
071220;0000;;1,1625;;
071221;0000;;0,654165;;
071222;0000;;2,0125;;
071223;0000;;0,483333;;
071224;0000;;1,0125;;
071225;0000;;0,604165;;
071226;0000;;0,670833;;
071227;0000;;1,63043;;
071228;0000;;2,0875;;
071229;0000;;1,26666;;
071230;0000;;1,9125;;
071231;0000;;6,07499;;
080101;0000;;1,74166;;
080102;0000;;2,14583;;
080103;0000;;2,19166;;
080104;0000;;2,01666;;
080105;0000;;1,7125;;
080106;0000;;1,275;;
080107;0000;;2,36956;;
080108;0000;;1,94583;;
080109;0000;;3,67083;;
080110;0000;;3,77916;;
080111;0000;;5,85416;;
080112;0000;;7,05;;
080113;0000;;4,69166;;
080114;0000;;5,99999;;
080115;0000;;2,23333;;
080116;0000;;2,0875;;
080117;0000;;2,4875;;
080118;0000;;1,90417;;
080119;0000;;1,1;;
080120;0000;;1,44167;;
080121;0000;;1,925;;
080122;0000;;1,99166;;
080123;0000;;2,95416;;
080124;0000;;2,4875;;
080125;0000;;2,27826;;
080126;0000;;1,325;;
080127;0000;;1,175;;
080128;0000;;2,39583;;
080129;0000;;9,83749;;
080130;0000;;1,34583;;
080131;0000;;1,5;;
080201;0000;;1,98333;;
080202;0000;;5,325;;
080203;0000;;2,05652;;
080204;0000;;1,60833;;
080205;0000;;1,2125;;
080206;0000;;;;
080207;0000;;2,3125;;
080208;0000;;1,45454;;
080209;0000;;1,75;;
080210;0000;;1,27083;;
080211;0000;;2,05;;
080212;0000;;2,025;;
080213;0000;;2,025;;
080214;0000;;2,69583;;
080215;0000;;1,93333;;
080216;0000;;3,525;;
080217;0000;;2,24583;;
080218;0000;;1,70833;;
080219;0000;;2,66666;;
080220;0000;;2,19583;;
080221;0000;;2,12916;;
080222;0000;;2,68333;;
080223;0000;;4,49166;;
080224;0000;;1,76666;;
080225;0000;;2,125;;
080226;0000;;2,54583;;
080227;0000;;2,7125;;
080228;0000;;5,60416;;
080229;0000;;7,62916;;
080301;0000;;2,22916;;
080302;0000;;3,00833;;
080303;0000;;6,47391;;
080304;0000;;2,00833;;
080305;0000;;2,81666;;
080306;0000;;4,35416;;
080307;0000;;8,33333;;
080308;0000;;3,08333;;
080309;0000;;1,85;;
080310;0000;;8,25832;;
080311;0000;;5,19582;;
080312;0000;;3,89583;;
080313;0000;;11,9875;;
080314;0000;;14,0261;;
080315;0000;;3,65833;;
080316;0000;;6,94166;;
080317;0000;;6,43333;;
080318;0000;;6,01666;;
080319;0000;;4,99999;;
080320;0000;;15,625;;
080321;0000;;2,62916;;
080322;0000;;5,29166;;
080323;0000;;4,2625;;
080324;0000;;2,29583;;
080325;0000;;3,7;;
080326;0000;;3,39166;;
080327;0000;;4,27083;;
080328;0000;;7,38333;;
080329;0000;;13,3208;;
080330;0000;;5,36666;;
080331;0000;;9,90414;;
080401;0000;;2,15;;
080402;0000;;3,04583;;
080403;0000;;9,95833;;
080404;0000;;3,02608;;
080405;0000;;6,05;;
080406;0000;;2,43333;;
080407;0000;;4,44166;;
080408;0000;;13,8291;;
080409;0000;;4,24999;;
080410;0000;;3,72499;;
080411;0000;;14,2166;;
080412;0000;;9,62915;;
080413;0000;;12,1292;;
080414;0000;;6,3875;;
080415;0000;;2,92727;;
080416;0000;;14,2375;;
080417;0000;;2,32916;;
080418;0000;;6,55;;
080419;0000;;8,63332;;
080420;0000;;11,8416;;
080421;0000;;8,09047;;
080422;0000;;6,68749;;
080423;0000;;21,85;;
080424;0000;;14,0458;;
080425;0000;;12,575;;
080426;0000;;5,57916;;
080427;0000;;2,20833;;
080428;0000;;14,5;;
080429;0000;;16,3875;;
080430;0000;;6,22608;;
080501;0000;;17,0791;;
080502;0000;;;;
080503;0000;;21,4285;;
080504;0000;;8,41666;;
080505;0000;;3,70833;;
080506;0000;;16,8291;;
080507;0000;;14,3916;;
080508;0000;;21,3666;;
080509;0000;;21,0166;;
080510;0000;;11,125;;
080511;0000;;13,8316;;
080512;0000;;17,5541;;
080513;0000;;7,64999;;
080514;0000;;1,64583;;
080515;0000;;1,3;;
080516;0000;;1,5125;;
080517;0000;;0,641665;;
080518;0000;;0,824999;;
080519;0000;;2,075;;
080520;0000;;0,720832;;
080521;0000;;0,720832;;
080522;0000;;0,620832;;
080523;0000;;;;
080524;0000;;;;
080525;0000;;;;
080526;0000;;;;
080527;0000;;;;
080528;0000;;;;
080529;0000;;;;
080530;0000;;;;
080531;0000;;;;
080601;0000;;;;
080602;0000;;;;
080603;0000;;;;
080604;0000;;;;
080605;0000;;;;
080606;0000;;;;
080607;0000;;;;
080608;0000;;;;
080609;0000;;;;
080610;0000;;;;
080611;0000;;;;
080612;0000;;;;
080613;0000;;;;
080614;0000;;7,76666;;
080615;0000;;24,3833;;
080616;0000;;25,2791;;
080617;0000;;14,3875;;
080618;0000;;13,4042;;
080619;0000;;16,7521;;
080620;0000;;37,8055;;
080621;0000;;15,7375;;
080622;0000;;2,74583;;
080623;0000;;44,9249;;
080624;0000;;29,2708;;
080625;0000;;15,4917;;
080626;0000;;10,0625;;
080627;0000;;4,62916;;
080628;0000;;13,6875;;
080629;0000;;5,19523;;
080630;0000;;5,2375;;
080701;0000;;14,8916;;
080702;0000;;24,925;;
080703;0000;;12,1;;
080704;0000;;1,64348;;
080705;0000;;1,3;;
080706;0000;;7,30833;;
080707;0000;;5,08333;;
080708;0000;;20,9083;;
080709;0000;;34,0833;;
080710;0000;;1,325;;
080711;0000;;1,60833;;
080712;0000;;5,12083;;
080713;0000;;0,791665;;
080714;0000;;1,08333;;
080715;0000;;1,60417;;
080716;0000;;0,862499;;
080717;0000;;6,14166;;
080718;0000;;17,2217;;
080719;0000;;18,7583;;
080720;0000;;12,1167;;
080721;0000;;5,52499;;
080722;0000;;5,425;;
080723;0000;;4,78749;;
080724;0000;;7,82499;;
080725;0000;;9,95415;;
080726;0000;;8,65833;;
080727;0000;;3,56667;;
080728;0000;;6,44166;;
080729;0000;;36,5666;;
080730;0000;;8,07916;;
080731;0000;;8,28749;;
080801;0000;;3,06522;;
080802;0000;;4,47916;;
080803;0000;;3,33333;;
080804;0000;;3,71666;;
080805;0000;;1,65;;
080806;0000;;1,25833;;
080807;0000;;21,9875;;
080808;0000;;30,7958;;
080809;0000;;11,1458;;
080810;0000;;0,908332;;
080811;0000;;6,75416;;
080812;0000;;5,97916;;
080813;0000;;9,77916;;
080814;0000;;2,26956;;
080815;0000;;0,837499;;
080816;0000;;7,13332;;
080817;0000;;6,47499;;
080818;0000;;5,6125;;
080819;0000;;14,2083;;
080820;0000;;10,1958;;
080821;0000;;18,5833;;
080822;0000;;10,025;;
080823;0000;;6,35416;;
080824;0000;;0,929166;;
080825;0000;;1,05;;
080826;0000;;1,475;;
080827;0000;;1,65833;;
080828;0000;;1,25417;;
080829;0000;;3,20416;;
080830;0000;;1,20416;;
080831;0000;;1,17916;;
080901;0000;;0,962499;;
080902;0000;;7,72083;;
080903;0000;;8,03333;;
080904;0000;;19,25;;
080905;0000;;17,74;;
080906;0000;;4,77499;;
080907;0000;;5,74166;;
080908;0000;;17,7708;;
080909;0000;;8,80415;;
080910;0000;;1,85416;;
080911;0000;;5,28749;;
080912;0000;;8,21666;;
080913;0000;;9,93748;;
080914;0000;;2,15416;;
080915;0000;;6,10832;;
080916;0000;;3,18333;;
080917;0000;;3,24166;;
080918;0000;;1,87917;;
080919;0000;;1,5;;
080920;0000;;;;
080921;0000;;7,45454;;
080922;0000;;2,19583;;
080923;0000;;1,63333;;
080924;0000;;2,57083;;
080925;0000;;1,37917;;
080926;0000;;3,18695;;
080927;0000;;1,56666;;
080928;0000;;1,3375;;
080929;0000;;1,94583;;
080930;0000;;2,9826;;
081001;0000;;1,07916;;
081002;0000;;1,15833;;
081003;0000;;6,02608;;
081004;0000;;5,02916;;
081005;0000;;2,97083;;
081006;0000;;4,19583;;
081007;0000;;3,6125;;
081008;0000;;1,0375;;
081009;0000;;0,986956;;
081010;0000;;1,075;;
081011;0000;;8,11664;;
081012;0000;;14,9208;;
081013;0000;;4,93333;;
081014;0000;;2,08333;;
081015;0000;;2,89583;;
081016;0000;;2,94166;;
081017;0000;;3,07083;;
081018;0000;;1,35;;
081019;0000;;0,525;;
081020;0000;;2,675;;
081021;0000;;2,67916;;
081022;0000;;3,77083;;
081023;0000;;4,59166;;
081024;0000;;1,27826;;
081025;0000;;0,712499;;
081026;0000;;1,89583;;
081027;0000;;1,675;;
081028;0000;;1,45;;
081029;0000;;2,17083;;
081030;0000;;1,0875;;
081031;0000;;0,841665;;
081101;0000;;0,762499;;
081102;0000;;0,633332;;
081103;0000;;0,995832;;
081104;0000;;1,1375;;
081105;0000;;1,5125;;
081106;0000;;3,45416;;
081107;0000;;1,44091;;
081108;0000;;1,325;;
081109;0000;;5,71666;;
081110;0000;;2,18333;;
081111;0000;;2,22916;;
081112;0000;;1,84583;;
081113;0000;;1,94583;;
081114;0000;;2,32916;;
081115;0000;;1,84167;;
081116;0000;;1,425;;
081117;0000;;1,6625;;
081118;0000;;1,80833;;
081119;0000;;1,70416;;
081120;0000;;1,94583;;
081121;0000;;3,57391;;
081122;0000;;4,675;;
081123;0000;;1,3;;
081124;0000;;2,75417;;
081125;0000;;1,825;;
081126;0000;;2,2375;;
081127;0000;;1,55416;;
081128;0000;;3,59999;;
081129;0000;;1,74166;;
081130;0000;;1,38333;;
081201;0000;;3,49583;;
081202;0000;;2,3375;;
081203;0000;;2,875;;
081204;0000;;2,03636;;
081205;0000;;3,1;;
081206;0000;;1,30416;;
081207;0000;;1,15;;
081208;0000;;1,05416;;
081209;0000;;1,64166;;
081210;0000;;1,99166;;
081211;0000;;1,24737;;
081212;0000;;1,66666;;
081213;0000;;1,85833;;
081214;0000;;1,07916;;
081215;0000;;2,2;;
081216;0000;;1,7;;
081217;0000;;2,02083;;
081218;0000;;1,68333;;
081219;0000;;3,58333;;
081220;0000;;3,20416;;
081221;0000;;2,575;;
081222;0000;;2,28333;;
081223;0000;;2,05833;;
081224;0000;;2,3;;
081225;0000;;1,29565;;
081226;0000;;1,4875;;
081227;0000;;1,41666;;
081228;0000;;1,825;;
081229;0000;;2,34166;;
081230;0000;;2,47916;;
081231;0000;;2,10833;;
090101;0000;;0,00833331;;
090102;0000;;0,579165;;
090103;0000;;0,3375;;
090104;0000;;0,204166;;
090105;0000;;1,225;;
090106;0000;;0,995832;;
090107;0000;;1,17916;;
090108;0000;;0,908332;;
090109;0000;;;;
090110;0000;;;;
090111;0000;;;;
090112;0000;;;;
090113;0000;;;;
090114;0000;;;;
090115;0000;;;;
090116;0000;;;;
090117;0000;;;;
090118;0000;;;;
090119;0000;;;;
090120;0000;;;;
090121;0000;;;;
090122;0000;;;;
090123;0000;;;;
090124;0000;;;;
090125;0000;;;;
090126;0000;;;;
090127;0000;;;;
090128;0000;;;;
090129;0000;;;;
090130;0000;;;;
090131;0000;;;;
090201;0000;;;;
090202;0000;;;;
090203;0000;;;;
090204;0000;;;;
090205;0000;;;;
090206;0000;;5,19999;;
090207;0000;;0,799999;;
090208;0000;;1,1875;;
090209;0000;;1,3;;
090210;0000;;1,54166;;
090211;0000;;3,20416;;
090212;0000;;1,28333;;
090213;0000;;1,1;;
090214;0000;;1,89166;;
090215;0000;;0,583332;;
090216;0000;;6,24999;;
090217;0000;;7,425;;
090218;0000;;2,22916;;
090219;0000;;1,40833;;
090220;0000;;3,37826;;
090221;0000;;1,91666;;
090222;0000;;1,875;;
090223;0000;;2,57083;;
090224;0000;;2,25;;
090225;0000;;3,34999;;
090226;0000;;2,42916;;
090227;0000;;3,15416;;
090228;0000;;2,20416;;
090301;0000;;1,74583;;
090302;0000;;2,88333;;
090303;0000;;3,12916;;
090304;0000;;4,40416;;
090305;0000;;2,10416;;
090306;0000;;8,52499;;
090307;0000;;7,57082;;
090308;0000;;1,70833;;
090309;0000;;3,05;;
090310;0000;;2,25;;
090311;0000;;3,2625;;
090312;0000;;1,975;;
090313;0000;;7,47499;;
090314;0000;;1,59091;;
090315;0000;;2,32083;;
090316;0000;;3,43333;;
090317;0000;;3,51666;;
090318;0000;;4,12499;;
090319;0000;;2,79166;;
090320;0000;;2,82916;;
090321;0000;;2,14583;;
090322;0000;;2,75;;
090323;0000;;2,02916;;
090324;0000;;8,09166;;
090325;0000;;2,55833;;
090326;0000;;2,175;;
090327;0000;;7,46521;;
090328;0000;;3,38333;;
090329;0000;;3,92083;;
090330;0000;;8,66666;;
090331;0000;;31,4875;;
090401;0000;;15,8;;
090402;0000;;3,10833;;
090403;0000;;;;
090404;0000;;5,65833;;
090405;0000;;4,22916;;
090406;0000;;6,02499;;
090407;0000;;3,5875;;
090408;0000;;3,32083;;
090409;0000;;3,1913;;
090410;0000;;1,62917;;
090411;0000;;1,72916;;
090412;0000;;2,1875;;
090413;0000;;3,32083;;
090414;0000;;2,71249;;
090415;0000;;2,22083;;
090416;0000;;5,26666;;
090417;0000;;;;
090418;0000;;0,520832;;
090419;0000;;0,387499;;
090420;0000;;2,0625;;
090421;0000;;5,675;;
090422;0000;;;;
090423;0000;;;;
090424;0000;;2,15833;;
090425;0000;;3,31666;;
090426;0000;;3,20833;;
090427;0000;;3,87916;;
090428;0000;;4,08333;;
090429;0000;;13,1917;;
090430;0000;;19,9792;;
090501;0000;;7,71249;;
090502;0000;;4,14347;;
090503;0000;;4,09583;;
090504;0000;;9,63332;;
090505;0000;;7,43749;;
090506;0000;;6,99583;;
090507;0000;;14,175;;
090508;0000;;;;
090509;0000;;;;
090510;0000;;;0,709665;
090511;0000;;;1,10628;
090512;0000;;;;
